Class,Mean_Hue,Mean_Saturation,Mean_Value
MENUJU MATANG,4.8880364688826194,23.660398757997363,19.506976720236946
MENUJU MATANG,4.424994323479296,26.791778187692902,20.01496146245258
MENUJU MATANG,4.222039619100437,21.590038283862203,17.410104319882493
MENUJU MATANG,4.460246710129726,25.387153908058448,20.38552806210616
MENUJU MATANG,4.310003523963959,25.316601788556135,18.773481706532923
MENUJU MATANG,4.933356767819252,27.318088672779226,20.6596626313135
MENUJU MATANG,4.340139318395544,27.082580754786363,20.09773015779723
MENUJU MATANG,4.400712127057613,24.70803085766702,21.017360357590665
MENUJU MATANG,4.305124541859568,25.42393732267152,19.710389753428014
MENUJU MATANG,5.239203684614519,28.131490197201323,22.013460952068062
MENUJU MATANG,4.95577651286812,27.25920645003456,20.79140287171666
MENUJU MATANG,5.391492364828479,31.902290187254856,26.680931436672132
MENUJU MATANG,4.63004789627138,27.810746620711967,21.42275661892361
MENUJU MATANG,4.4811735427919235,25.782639491705247,20.783699569388183
MENUJU MATANG,4.528229010939108,24.715928819444443,20.852311687704958
MENUJU MATANG,4.276664074556328,26.473302958924094,20.295767262148757
MENUJU MATANG,4.524040755911619,24.185048986364293,17.827189002017427
MENUJU MATANG,4.315588240760834,24.976597036353844,19.969524744606804
MENUJU MATANG,4.141781967853813,23.241571559827513,17.835396409525302
MENUJU MATANG,4.187395637418017,23.05984358924897,17.363306555728364
MENUJU MATANG,5.40013342335391,28.183390299479168,22.51249506444107
MENUJU MATANG,4.976832888253922,26.74518927428948,21.795297818909948
MENUJU MATANG,4.755231566880465,28.926682334868506,22.532796663511927
MENUJU MATANG,5.0423533121744795,24.628385253403902,20.747736989715953
MENUJU MATANG,4.888742705922068,24.231730771162873,19.574879650225856
MENUJU MATANG,4.4684393611955056,24.493533789866255,19.85016767085825
MENUJU MATANG,4.394209873529128,27.009336181138277,21.3443154543025
MENUJU MATANG,4.276292777355806,23.474771821449814,20.073522057552886
MENUJU MATANG,4.143862312222704,24.45948785224569,20.064650672943994
MENUJU MATANG,3.686334429454411,21.05391821841644,16.765164473419816
MENUJU MATANG,5.1694238607775524,29.97535284850823,25.011430340048708
MENUJU MATANG,4.734141597041377,28.659476448969585,22.47420913005562
MENUJU MATANG,5.141596915790574,27.208009256747523,23.123511671529386
MENUJU MATANG,4.716554241415895,27.139745767224472,22.07352639029546
MENUJU MATANG,4.991120515046297,27.584751709989067,21.138519035935893
MENUJU MATANG,4.477232693644708,24.733126165444958,19.53121904286828
MENUJU MATANG,5.261368111818416,29.05917295605067,23.957978111235693
MENUJU MATANG,5.25549919222608,29.118526819802117,23.79593661586934
MENUJU MATANG,5.13123462818287,28.42653169357237,22.384520982028036
MENUJU MATANG,5.19737362959748,27.74748952104231,23.33412145292808
MENUJU MATANG,4.864042745205601,28.741971114044816,22.52187771267361
MENUJU MATANG,4.359765198005079,21.285639382193608,15.89937406312291
MENUJU MATANG,4.839148313420299,25.428622838401008,22.137718546047132
MENUJU MATANG,3.8065985534416797,23.673533372918275,16.131368315268936
MENUJU MATANG,4.530972390508455,24.355051174085325,20.28396449461886
MENUJU MATANG,5.08087855209539,29.18237700285735,22.69511928479858
MENUJU MATANG,4.580087544005594,24.865165051118826,20.43832340946904
MENUJU MATANG,4.329433362670396,28.54598923671393,21.514473557962802
MENUJU MATANG,3.7999054080664867,22.811590814786683,17.865710788302952
MENUJU MATANG,4.627033374927662,31.291530719019256,24.13229615011333
MENUJU MATANG,4.758102228612076,25.77523665565522,21.82638198161812
MENUJU MATANG,4.752576977137185,28.174699571397568,22.349359959731867
MENUJU MATANG,3.8489482236006625,24.72908390500418,19.258293560012376
MENUJU MATANG,4.970968803751125,29.405581941329892,22.66230334372187
MENUJU MATANG,4.600259474766108,26.317478384010094,20.96570941940747
MENUJU MATANG,4.136378786691422,27.411637859579958,20.01185884200987
MENUJU MATANG,5.038259875136639,24.798843886136027,20.321194432890465
MENUJU MATANG,3.867544605898759,22.16806262608909,16.670013490527747
MENUJU MATANG,4.476880987975823,22.246598608699845,17.809709148642458
MENUJU MATANG,5.488686957967625,29.639980426050506,24.982061189879115
MENUJU MATANG,5.025106296617798,27.269797242717978,21.909855909308288
MENUJU MATANG,4.591685919114101,24.286796601220903,20.433210836025914
MENUJU MATANG,4.381862059542181,23.719631995683834,18.52874944239487
MENUJU MATANG,4.025748484419206,23.83651783633134,19.334542105717915
MENUJU MATANG,4.507856078599215,25.967044406467014,20.46876092604649
MENUJU MATANG,4.091124169620467,24.242368219320667,19.742011804148984
MENUJU MATANG,4.922510154943898,27.505459946369438,23.018260061005016
MENUJU MATANG,4.945548540280189,25.671940744659047,22.365930313926665
MENUJU MATANG,5.202672385384516,28.297106770330988,25.05610738369663
MENUJU MATANG,4.963961189175829,24.6886366855951,19.856071566358025
MENUJU MATANG,4.474669091495467,29.155184773260675,21.813456029067805
MENUJU MATANG,5.353976528340406,29.50319574301135,24.402612505626287
MENUJU MATANG,4.5656335775744274,31.084989571277006,23.71155080285092
MENUJU MATANG,5.263099952980324,27.762142668045108,22.350026071807484
MENUJU MATANG,4.530131838449234,31.19295222278485,24.193106003749516
MENUJU MATANG,4.970613204893262,24.486618041992188,19.81909776224521
MENUJU MATANG,4.301490752294721,25.41007832342705,19.897476196289062
MENUJU MATANG,5.387900270061729,28.861231925556197,24.708985882040896
MENUJU MATANG,4.446101561495306,25.59583605856562,20.1633638609584
MENUJU MATANG,4.274647653838734,21.61119180059237,17.436525886441455
MENUJU MATANG,4.47728889371142,29.551446734141912,22.361660113550506
MENUJU MATANG,4.907682379577386,28.380003564151718,24.03759539568866
MENUJU MATANG,4.6243006074379505,24.984420274020223,21.00198420771846
MENUJU MATANG,4.873164549776556,28.497277091069478,23.21310255262587
MENUJU MATANG,4.1701432844248325,24.549758911132812,20.339719230746045
MENUJU MATANG,4.535930241086356,31.037693039379985,23.661812362356933
MENUJU MATANG,4.255788544077932,23.389776033629115,20.034048009801793
MENUJU MATANG,4.765731309176473,25.775246137454186,20.21060814877106
MENUJU MATANG,4.22662246766895,24.370951209048677,19.474812009207014
MENUJU MATANG,5.033741013012796,28.81816214102286,23.79906058605806
MENUJU MATANG,4.548268636067708,25.53741549268181,20.34137973863892
MENUJU MATANG,4.229644398630401,28.23820702823592,22.180837623376416
MENUJU MATANG,4.369455345373585,29.07426465195393,21.799671377174157
MENUJU MATANG,3.673542666337127,22.43983340165252,17.239273573636027
MENUJU MATANG,4.260804101763439,24.607882527166925,18.843852667160977
MENUJU MATANG,4.935670201179913,27.693137588814942,22.76335194277665
MENUJU MATANG,3.9279421582634066,26.39266496823158,20.362827316723735
MENUJU MATANG,4.726399048856257,26.40463407540027,22.492884443620596
MENUJU MATANG,4.5506341251326194,26.394257659284175,20.703326378339604
MENUJU MATANG,5.300182012864101,28.226788116580664,24.463508511766975
MENUJU MATANG,4.692587204921392,25.363264484170042,21.594217057090727
MENUJU MATANG,4.662781138478974,30.324027983740034,23.72507762516477
MENUJU MATANG,3.884070816354006,24.729334576139724,19.630780694906605
MENUJU MATANG,4.901363922244728,26.164686603310667,21.5894146828985
MENUJU MATANG,4.2019908889330955,24.590608761634357,19.73060683262201
MENUJU MATANG,4.105113653489101,23.531466574335294,18.683687186535494
MENUJU MATANG,5.010732894081147,29.64094399032279,23.42471081141091
MENUJU MATANG,4.341279771592882,27.661110646440168,21.870786816004372
MENUJU MATANG,4.908462775587545,24.209651052215953,19.59946325482655
MENUJU MATANG,4.25426944685571,26.94746480557163,19.38628459663548
MENUJU MATANG,4.255313323849022,28.718833201216082,22.39099824379501
MENUJU MATANG,5.443920057006333,28.668535020616318,21.941239031254018
MENUJU MATANG,4.556596292880337,25.980708683469167,20.832383018462256
MENUJU MATANG,4.294239562234761,23.532932862332817,19.109776689191904
MENUJU MATANG,4.586011784557453,28.69655618549865,21.61340959964956
MENUJU MATANG,4.24073860576614,26.136985433445055,20.01060718175315
MENUJU MATANG,4.958737785433546,26.70186128341612,21.56303506231112
MENUJU MATANG,4.785448553140271,23.562505588609987,18.739174611283918
MENUJU MATANG,4.279661453309863,21.685252311298385,17.86023652504501
MENUJU MATANG,5.235560978391043,27.445245813440394,23.95398457845052
MENUJU MATANG,4.386167110239037,25.51750019842705,19.79366833094216
MENUJU MATANG,4.86933967998489,28.99496629503038,22.06257924523373
MENUJU MATANG,4.154821827578447,21.81595112364969,17.52057380833253
MENUJU MATANG,4.547096848978427,24.12514197581099,16.78426094212159
MENUJU MATANG,3.888102841475373,19.875644008809157,16.304653779959974
MENUJU MATANG,4.762113594714506,26.254418895077805,21.056713214136444
MENUJU MATANG,4.940666355713895,27.307307490596063,23.17072431148325
MENUJU MATANG,5.0069375999670465,30.63290154099955,23.581681302545494
MENUJU MATANG,4.972618825151106,27.20204030731578,22.85362174579636
MENUJU MATANG,4.599257041397409,25.033255557464475,20.612008742344234
MENUJU MATANG,3.6029960726514276,20.874280011212385,16.021071571381494
MENUJU MATANG,5.083990089196727,30.352489330150462,23.86547650623714
MENUJU MATANG,4.130295867291988,22.99782571674865,17.941291463718493
MENUJU MATANG,4.552367347748682,24.288709412876962,20.471363899639115
MENUJU MATANG,4.641477985146605,28.512900772408692,21.59468455373505
MENUJU MATANG,5.063522276073817,28.27990314499341,23.722825980480806
MENUJU MATANG,4.20260965480726,25.742799358603396,20.718031769426762
MENUJU MATANG,4.423401506839956,25.080338466314622,20.563471162270126
MENUJU MATANG,4.528305556057902,26.074595133463543,19.972518795311696
MENUJU MATANG,4.569308999144001,28.918253643522537,22.127415033034335
MENUJU MATANG,4.4878741605782215,26.284276514877508,21.09210588117686
MENUJU MATANG,3.9634745405534657,21.84680565100148,17.394201459217463
MENUJU MATANG,5.105993639785076,31.0650613415879,24.150755454483345
MENUJU MATANG,4.973862573443126,28.026870853125804,22.81996117109134
MENUJU MATANG,5.04416747544528,24.86526319715712,21.070255923173065
MENUJU MATANG,4.507808041670685,24.521912311820827,20.174046269169562
MENUJU MATANG,5.0195514066719715,28.334525905028293,23.206223476080247
MENUJU MATANG,5.409627655406057,28.421317206488716,25.22131950472608
MENUJU MATANG,4.674237474983121,31.667833304699556,23.158044634532537
MENUJU MATANG,4.626265663178369,30.279614232695153,23.899982970437886
MENUJU MATANG,4.441593060277617,24.477739498939044,19.668537281177663
MENUJU MATANG,4.293747576175893,25.460668430406862,19.836619687178498
MENUJU MATANG,4.60404396842046,28.77896275147489,21.225039886349023
MENUJU MATANG,4.23832928692853,24.008566271621014,19.07133213875225
MENUJU MATANG,4.557904969517586,29.154191570517458,22.094141642252605
MENUJU MATANG,4.696177541473766,26.226703219943577,20.902158258383167
MENUJU MATANG,5.29418147836693,27.486520775061084,24.095651697229457
MENUJU MATANG,5.0020979265126675,27.033274207095552,20.888040738831823
MENUJU MATANG,4.325618100264435,29.50289979785558,22.958203413849503
MENUJU MATANG,4.652579225139854,25.577262595847802,20.1522015858089
MENUJU MATANG,4.392663649570795,25.00458297415525,20.16398947130996
MENUJU MATANG,4.550100507069026,23.540302731863264,19.896248146339698
MENUJU MATANG,3.8348862761823237,22.756563163097994,18.191255922670717
MENUJU MATANG,4.780540183738426,23.37665366341548,18.865524982719265
MENUJU MATANG,4.761817147211773,27.314705491556552,22.071435433846933
MENUJU MATANG,4.4335811913258745,28.29189937889821,22.224183824327255
MENUJU BUSUK,6.389773835861143,27.659852644053014,10.473533096627444
MENUJU BUSUK,8.930913980115097,25.214362062053915,15.184404851968397
MENUJU BUSUK,7.564915472587931,26.461353380493666,12.130454043792598
MENUJU BUSUK,6.973120544182421,20.364249649361817,12.593070136176216
MENUJU BUSUK,5.790586557898502,21.47298428256816,11.489890392915703
MENUJU BUSUK,6.606356459880562,24.48364559220679,12.724015663680717
MENUJU BUSUK,6.858647036454315,23.454403221852495,11.337282533998843
MENUJU BUSUK,4.320814532998168,24.80221011314863,7.7648927665051115
MENUJU BUSUK,9.510833928614487,25.077834329487366,16.32830107261124
MENUJU BUSUK,9.702779448081436,23.374686158733603,16.037878970550413
MENUJU BUSUK,5.375912073708365,25.45359130357028,9.925599714365516
MENUJU BUSUK,10.943384931901845,23.483654194898566,18.260371329853072
MENUJU BUSUK,10.712528872391815,24.646652849613393,17.730562563295717
MENUJU BUSUK,8.019852814850983,25.513483934441712,13.110512313528806
MENUJU BUSUK,10.960934799885063,24.551285229592658,19.03670015060362
MENUJU BUSUK,6.304887120125225,21.444322436925315,10.454742557227366
MENUJU BUSUK,8.857424198354714,21.09488894615644,15.175299059706951
MENUJU BUSUK,8.663779176311728,20.12079453958896,14.940228120780285
MENUJU BUSUK,6.595634743019387,21.2365263008777,11.45464189945425
MENUJU BUSUK,7.487267011477623,23.272284488128538,13.35406588330681
MENUJU BUSUK,8.080355985665028,23.318753026640465,13.67256126874759
MENUJU BUSUK,6.662334238060217,26.78650398411378,10.427847779827353
MENUJU BUSUK,5.458738664540735,25.027273860978493,9.562224085929463
MENUJU BUSUK,9.913857981991866,25.012911886835294,15.483741226510256
MENUJU BUSUK,6.525175243738747,25.751529269748264,11.83922448177887
MENUJU BUSUK,7.741132445786715,21.302898768044304,13.502378675672743
MENUJU BUSUK,8.826815067495339,24.248672673731676,14.673847339771411
MENUJU BUSUK,6.348853280024273,27.35825457788789,10.342428513515143
MENUJU BUSUK,9.915950382687917,25.284933961467978,18.36493108301987
MENUJU BUSUK,9.014291833948207,26.905260627652392,14.886627197265625
MENUJU BUSUK,6.3586145722817005,21.721910264756943,11.248953736858603
MENUJU BUSUK,6.629342287165638,28.799345981927566,11.022714434337223
MENUJU BUSUK,8.113408846129115,23.20592275862831,14.409307534802597
MENUJU BUSUK,6.62282873083044,17.857085804880402,12.022393434626576
MENUJU BUSUK,6.329464445388857,29.09268031493136,11.017679096739968
MENUJU BUSUK,6.293227458686985,29.296340314449107,10.411188573013117
MENUJU BUSUK,9.221726342974376,24.933919710386927,14.499213261859406
MENUJU BUSUK,5.255343715840406,25.203157652552726,10.322913401411395
MENUJU BUSUK,8.264589725698464,16.759381078398278,13.958823875144676
MENUJU BUSUK,7.098857173213252,21.408630873440714,13.195887561688208
MENUJU BUSUK,9.150872752499678,28.337532702787424,15.894340672120146
MENUJU BUSUK,11.083452263977302,27.514752234941646,18.593410978591983
MENUJU BUSUK,8.880391313215343,26.678298259468235,14.993988476662969
MENUJU BUSUK,7.727245943045911,21.29208914046425,14.190439985612782
MENUJU BUSUK,8.87356812276958,22.011127613208913,13.498094535168306
MENUJU BUSUK,9.303035155245306,23.549938625759548,15.775571155940554
MENUJU BUSUK,9.990838572812178,24.685980023670588,16.029217378592787
MENUJU BUSUK,6.325824439280318,27.35054763354392,10.179719712999132
MENUJU BUSUK,8.692112361452708,27.301315244823815,15.809618537808642
MENUJU BUSUK,8.687473752371078,22.617973735793626,13.373307655868217
MENUJU BUSUK,9.132742297011639,24.59007194110886,15.106985775040991
MENUJU BUSUK,7.847601368594072,23.190141465928818,13.358336774410043
MENUJU BUSUK,9.051399890287422,25.29553316846306,14.96920110757459
MENUJU BUSUK,6.5604302677107444,25.466400020897634,11.962727111062886
MENUJU BUSUK,6.487622484748746,28.486276697229457,11.106098002367059
MENUJU BUSUK,6.845961142959909,25.783690087589218,11.848372408392008
MENUJU BUSUK,8.916080113791635,27.44052274727527,14.591089005332915
MENUJU BUSUK,5.320688192736465,25.28438477064847,9.849607616785622
MENUJU BUSUK,8.025745030783822,20.606387919359246,13.797717310273597
MENUJU BUSUK,6.656668643401974,25.353897283106676,11.853491386758938
MENUJU BUSUK,5.133181034292213,24.556842066132972,9.619309915927213
MENUJU BUSUK,7.319650406700103,22.923277238759486,12.796576291935924
MENUJU BUSUK,8.086426283596966,30.254817256221063,14.696744251643679
MENUJU BUSUK,6.099190229251061,28.69003660099987,10.792871231895415
MENUJU BUSUK,11.04597648965969,25.525096186885126,20.416094430680136
MENUJU BUSUK,7.230374120390464,20.016637982654963,12.362030092090246
MENUJU BUSUK,3.924558223520287,24.420212608306006,8.27781595614712
MENUJU BUSUK,11.128832593376254,25.502215538495854,19.362165035043724
MENUJU BUSUK,10.653535254207657,24.451915913648566,16.614775669427566
MENUJU BUSUK,4.833601335439172,25.48840727629485,8.18397396385915
MENUJU BUSUK,9.475087169757105,28.213012067378795,16.84406911590953
MENUJU BUSUK,8.507404845437886,25.300836822133004,15.001421516324267
MENUJU BUSUK,7.871574182078672,19.948430693198624,13.700715806749132
MENUJU BUSUK,8.454565542715567,26.594688321337287,14.482359960736561
MENUJU BUSUK,9.564391524703414,24.685287224412455,15.706441243489584
MENUJU BUSUK,7.973389362602077,23.389623257358377,13.742105994204925
MENUJU BUSUK,6.303233205536266,22.422237631715376,11.170463718995146
MENUJU BUSUK,7.118091598950296,24.79113053686825,11.1731807881422
MENUJU BUSUK,9.330587567615902,24.983706878536523,16.10951195234134
MENUJU BUSUK,5.353334968472704,23.502364798337833,9.057092234921553
MENUJU BUSUK,7.402542553811407,19.29685189203961,13.029369275756334
MENUJU BUSUK,9.704185328856417,23.796795126832563,16.028383671010964
MENUJU BUSUK,8.511619034127444,28.335928143787775,17.824187981248393
MENUJU BUSUK,8.680397881401909,27.883395159686053,17.774094507036875
MENUJU BUSUK,6.279133675029739,23.831763499067645,12.336905962155189
MENUJU BUSUK,7.776895342540349,21.478237073607897,12.889073689778646
MENUJU BUSUK,7.701430960447209,25.098273069279674,13.102035710841049
MENUJU BUSUK,9.858216525105291,25.434679949725115,17.012357484166024
MENUJU BUSUK,8.04360616550524,19.757087613329475,13.85212380994004
MENUJU BUSUK,9.594618997456115,23.580501854664995,15.336356268988716
MENUJU BUSUK,7.68621129165461,20.146670117790315,13.30572516044962
MENUJU BUSUK,6.913830855255755,25.385486932448398,10.75664378978588
MENUJU BUSUK,4.498404546039095,24.125682187178498,9.061144605095004
MENUJU BUSUK,5.302469010215728,24.850813500675155,10.270471643518519
MENUJU BUSUK,6.43811236095036,23.926060931672776,10.727125379774305
MENUJU BUSUK,7.4447658209153165,21.588406535333075,12.581061029630433
MENUJU BUSUK,8.176769680447048,26.01842771930459,14.860100577397601
MENUJU BUSUK,7.736960705415703,21.691280537672004,12.601583221812307
MENUJU BUSUK,7.4499540603700485,24.687168953350053,12.458114435643326
MENUJU BUSUK,6.640506634496367,26.24379639174222,11.285848107357575
MENUJU BUSUK,6.887370859153967,22.613721117561248,11.979442078390239
MENUJU BUSUK,7.594451590330022,20.988539833100244,12.896410781169624
MENUJU BUSUK,9.369688685538838,19.80729091314622,15.570205876856674
MENUJU BUSUK,8.867724697285718,20.630709863984535,15.263812469356836
MENUJU BUSUK,7.071476814678176,20.46088845837754,13.193428887261284
MENUJU BUSUK,4.320680531945248,24.286283391002765,7.6600825305828835
MENUJU BUSUK,6.537679978358892,22.27512161820023,11.200712541493859
MENUJU BUSUK,9.266753271283436,25.271773412885,14.457572403268069
MENUJU BUSUK,10.470187968187371,24.207701945991673,17.05847576125659
MENUJU BUSUK,11.090242111143262,23.704427522886927,17.182930526419433
MENUJU BUSUK,6.56510146655173,29.36842603644226,10.4400544971105
MENUJU BUSUK,8.85365169823415,20.754489537619758,15.657495318126285
MENUJU BUSUK,6.423962440019772,22.910450060181166,11.383453494727366
MENUJU BUSUK,6.237386256088445,23.524818514600213,10.722886576083463
MENUJU BUSUK,10.183028044524017,24.913590607819735,16.434157634468235
MENUJU BUSUK,7.085518605424544,23.755191316329892,11.294408790368601
MENUJU BUSUK,7.355203008455504,29.540270644450874,17.03984477981128
MENUJU BUSUK,8.479233729986497,24.5638628673161,14.005890269338348
MENUJU BUSUK,6.713120825496721,28.567364916389373,10.83164488239053
MENUJU BUSUK,8.045102154767072,22.76649456259645,12.771533228242347
MENUJU BUSUK,7.608579721961002,22.329482718259708,13.677506435064622
MENUJU BUSUK,6.17772030928498,24.8519017725815,10.999077690972221
MENUJU BUSUK,9.244404671123489,25.783508363574622,16.86016041947981
MENUJU BUSUK,11.234743659878955,27.013427043647923,19.163327378010063
MENUJU BUSUK,6.174941451461227,23.015031853821053,10.970140182432324
MENUJU BUSUK,6.871003076372814,21.167261131506397,12.82857227717898
MENUJU BUSUK,10.076113791132169,25.831733672216597,18.853360839341402
MENUJU BUSUK,7.61458201467255,24.248754367906862,13.44861147531266
MENUJU BUSUK,6.127467339912069,31.06108005351,16.125289540231964
MENUJU BUSUK,6.502862749766911,29.221783484941646,11.175256485801665
MENUJU BUSUK,5.1799060837231545,21.83635677133568,8.711308922787262
MENUJU BUSUK,6.097221091941551,24.952436093930846,10.15634607385706
MENUJU BUSUK,6.491191408761734,25.182849460177952,12.450541178385416
MENUJU BUSUK,8.129259588296522,21.395869439521444,14.481637899767716
MENUJU BUSUK,9.27534447187259,21.354970986951034,15.921684422120146
MENUJU BUSUK,8.831819636340985,27.019778781467014,17.76523373450762
MENUJU BUSUK,7.93354678055877,23.762828120478876,12.482659610701196
MENUJU BUSUK,10.113537509745532,24.579083917562855,16.77185761879501
MENUJU BUSUK,8.804956004452803,23.431642822767973,15.883173310707626
MENUJU BUSUK,5.749339476534368,24.50915338963638,9.346465750486272
MENUJU BUSUK,9.323351196791409,26.124169243706596,16.18475128299415
MENUJU BUSUK,6.207354761445473,24.256017111947017,10.784688941735789
MENUJU BUSUK,6.337375217013889,29.44066811392827,13.037240110797647
MENUJU BUSUK,5.90741368674447,24.590199600031347,10.027935514724794
MENUJU BUSUK,8.206967263555331,21.160415712207435,12.778140911840117
MENUJU BUSUK,9.370438124417278,20.050205685964826,15.617382473415798
MENUJU BUSUK,11.257687101638856,24.909781624750835,18.56125932858314
MENUJU BUSUK,9.146214551886413,26.130929891955216,15.717661728093654
MENUJU BUSUK,8.371414058983571,21.67945503894194,13.14277033550749
MENUJU BUSUK,5.995033546730324,28.935154542020317,10.264184645664544
MENUJU BUSUK,8.918855769153485,28.12597756719393,16.13725783108684
MENUJU BUSUK,9.427336013856738,26.03973194012426,16.180587580174574
MENUJU BUSUK,7.767446258921682,18.073753388330278,13.049473075709717
MENUJU BUSUK,10.100009305977528,24.607482219429173,16.987732498734086
MENUJU BUSUK,9.160853193620595,25.802188386642392,17.7399712079837
MENUJU BUSUK,8.356464590064782,27.33574811519419,17.29971282079877
MENUJU BUSUK,7.656935264053659,22.133287657435538,13.074756449632684
MENUJU BUSUK,4.535566604677051,24.809178858627508,8.945281103314686
MENUJU BUSUK,9.785030537672004,24.54669308760529,15.627868338376897
MENUJU BUSUK,7.53358340165252,17.421742631574716,13.20149620275929
MENUJU BUSUK,10.56045086393631,25.660193549262154,19.047171447502734
MENUJU BUSUK,6.164483403963317,29.396911055953414,10.725376270435474
MENUJU BUSUK,7.758964695557645,20.698543721265754,13.719194891030897
MENUJU BUSUK,10.611453586154514,24.335336379062984,16.59333499861352
MENUJU BUSUK,10.039085733547132,26.265827759793755,19.321091765729488
MENUJU BUSUK,7.67559117446711,23.24158939314477,12.25712616845904
MENUJU BUSUK,5.5309953728821055,28.520904478222253,9.029914761766975
MENUJU BUSUK,7.643778859833141,28.804713119695215,17.237211313757875
MENUJU BUSUK,7.726868303714956,23.05074822068705,14.344073762618956
MENUJU BUSUK,8.22192985628858,19.404426731690457,14.131390041775173
MATANG,4.986647526423137,24.95425581932068,15.46126906077067
MATANG,4.309934200082787,27.176415149076487,15.289641894430781
MATANG,7.436355276853459,34.93142135054977,24.50933348102334
MATANG,10.65065492229697,32.706844314135644,26.02705860530398
MATANG,8.42108053827482,20.360756642533918,17.53735156903051
MATANG,4.288386901219686,22.961530447006226,13.740514437357584
MATANG,7.919034290706179,35.356071566358025,22.617237106762797
MATANG,9.542695284870916,33.05852750299399,24.8044835471322
MATANG,8.660488049189249,19.82686909039815,18.01484266916911
MATANG,10.094036976496378,21.43116037050883,19.20836083094279
MATANG,5.135903994242351,20.025569518407185,14.039320151011148
MATANG,5.496956593705794,25.33120463806906,17.55073603877315
MATANG,6.838534319842303,20.67292270738892,16.33776057992943
MATANG,6.553233331123007,27.871662281177663,18.322119190859695
MATANG,6.501950263977051,19.92861803372701,15.016907533009848
MATANG,9.42049819255562,24.291425665710197,21.540969409079217
MATANG,6.821658475899402,19.90597885822563,15.798841562781314
MATANG,7.41413546589667,33.46319554960777,22.928179893964604
MATANG,7.749769290288289,18.227545261383057,15.991657018661499
MATANG,8.257376829783121,19.845712343851726,17.674272378285725
MATANG,7.491934756683224,31.355717411747687,22.35745873470856
MATANG,5.131499365033436,18.743654792691455,12.5416159296232
MATANG,8.581049161683385,38.785942548587,25.158980695308482
MATANG,6.130573351196792,32.09259636019483,20.688840575669527
MATANG,7.8804986270857444,16.25854592656893,14.961980749059606
MATANG,9.255619629910944,24.723246947237495,20.9344672685788
MATANG,9.360021143783758,34.991369741934314,27.364187044371302
MATANG,9.61531432469686,19.901234706242878,18.96630334854126
MATANG,7.8583346394354425,31.582737235865967,22.091056855127153
MATANG,4.2667225653252,25.247104974440585,14.502760208192676
MATANG,9.662824465904707,54.226823029694735,29.260313685538836
MATANG,8.506680209940845,35.43798715096933,26.687006255726754
MATANG,7.655434251322177,19.554219877768936,17.19873059433674
MATANG,6.482081911691422,30.07331107182758,19.944210099585263
MATANG,9.009396462774081,24.060929286627122,20.39411097397039
MATANG,4.405029376347859,27.52345895767212,16.187490065892536
MATANG,6.349037766947177,32.965497491781605,21.441589857815714
MATANG,8.710151264206372,28.50156713415075,21.750495502487624
MATANG,4.371326901785141,19.99084058220004,12.634042810510707
MATANG,7.7453333222817005,30.164776397830664,21.754219714506174
MATANG,9.677929097242316,38.0120236118144,26.45219923733684
MATANG,5.61932905515035,21.066295226414997,14.258311112721762
MATANG,8.329203790107382,33.64899987742734,25.536012814368732
MATANG,9.108120759328207,21.28879960378011,18.433618148167927
MATANG,10.485540382165476,50.52026681154353,28.431212123038836
MATANG,8.750908117726016,24.138927883572048,20.667189170303658
MATANG,9.196427822113037,22.03820474942525,18.802604993184406
MATANG,8.769553102092978,27.411727779686696,21.61016550574283
MATANG,5.68542681407536,25.54700316126945,17.796292277520575
MATANG,8.618418124477559,28.425332402986754,21.882087487742734
MATANG,4.724761711717142,25.7276209450553,16.37655388474955
MATANG,9.212838172912598,22.57585883140564,18.553345521291096
MATANG,7.460583345389661,33.65413643793805,24.81511427639934
MATANG,7.784473120920943,18.367010987835165,16.84489158347801
MATANG,7.7842713030277455,32.48690632635674,24.159443984796972
MATANG,10.123231252034506,27.772464911142986,22.34389551480611
MATANG,8.723087075315876,38.34705318246849,25.880955134890208
MATANG,7.7110213919431585,39.84336966055411,25.917768250767587
MATANG,4.751587479202835,23.462840139130016,14.890036877290703
MATANG,5.543941815694173,20.683469613393147,13.484165986378988
MATANG,7.9041241304374035,35.416714389628346,25.870902104632844
MATANG,8.670473640347705,20.608090436017072,17.54778173627186
MATANG,10.171411208164544,51.29607419614439,29.8884959279755
MATANG,5.333498398462932,20.815913200378418,14.529847701390585
MATANG,8.035913161289544,22.586917704515496,18.58645755469554
MATANG,9.24568565588429,17.94141805515368,17.661524894306197
MATANG,7.956621900016879,32.68117727271814,22.30953138061021
MATANG,9.65103546778361,22.33363874753316,19.150325139363606
MATANG,8.207878897710101,32.49186354900093,24.764233498906894
MATANG,8.296239376068115,26.51981743176778,20.400970935821533
MATANG,7.8854968547821045,21.831245581309002,16.832252343495686
MATANG,7.399671640906314,32.104640191474566,22.303045955705056
MATANG,8.43801829648116,30.012573744534464,21.97000461154514
MATANG,6.427186942394869,20.472143165368603,15.961174544974119
MATANG,5.583981926058546,31.1469145095888,20.013225100167986
MATANG,8.141796787089282,38.29467578778051,24.248651763539254
MATANG,8.993286823539577,38.37461633250547,25.76260250389821
MATANG,8.698647260665894,18.511590560277302,16.184297800064087
MATANG,6.835398858466757,31.34310147006816,20.42149962123039
MATANG,7.161750762060346,31.2521929956758,21.163264521846063
MATANG,4.448093811670939,27.81529140472412,16.440260728200276
MATANG,6.442272484547807,30.81044590326003,19.574358088489422
MATANG,7.855545546292277,38.317237320260254,26.620597682372043
MATANG,7.391435034481096,27.766095699106224,20.246995651182324
MATANG,5.006574340317965,24.749597368907537,15.68465049963429
MATANG,7.635962906197756,29.290027948073398,20.740186024104617
MATANG,7.724628778151524,32.24734597539705,24.72846375767586
MATANG,6.887203703201357,28.0118587792165,18.740023452068062
MATANG,5.88818754973235,31.92743629486963,20.2338824488008
MATANG,6.001221268265335,32.15601835525575,19.513152197064688
MATANG,6.7434971185378085,25.712497978053467,17.575658915955344
MENTAH,5.2367045712569125,26.283434141810538,21.583803027745628
MENTAH,5.670039549776556,25.003765530056423,21.293797748079026
MENTAH,8.05210493425283,35.01980722686391,30.552472652231224
MENTAH,7.75826869383761,33.66827354902102,27.993625907740967
MENTAH,7.26105929402167,31.122798338839058,26.67964260274
MENTAH,7.734468624915606,34.05236967110339,28.27736572767972
MENTAH,7.272287313830215,31.77131721904739,26.737290496198238
MENTAH,6.417707341198078,28.340480600364906,22.76161941088767
MENTAH,6.2537660951967595,27.336748727555136,24.334241199885867
MENTAH,8.035684907387314,35.08042430485227,30.29324591993795
MENTAH,7.834314102989166,33.799249970863876,28.075070604865935
MENTAH,7.896345852824395,34.29421953114953,29.127924852410462
MENTAH,6.4311624534826715,30.25601748870724,24.786851796593687
MENTAH,8.050263644245916,35.44814033665284,31.330678052862975
MENTAH,6.8574884987662355,30.43251112949701,25.30841968677662
MENTAH,7.232864819436407,31.030469666783212,24.459365844726562
MENTAH,7.856959464618699,34.02867974175347,28.141966203603236
MENTAH,7.440550250771605,31.101878915794593,27.074552685144997
MENTAH,7.316878958494084,33.55617281438882,28.117106747725373
MENTAH,7.778724199459877,33.396226922180425,27.868233386381174
MENTAH,7.575351856372975,32.56587482970438,27.998166370784304
MENTAH,5.874042715064783,26.617782592773438,23.42313865379051
MENTAH,7.5488408092608665,34.17414812001672,28.887401439525462
MENTAH,6.987856578434446,31.990014598202805,28.39498851132491
MENTAH,8.14808623388471,36.39374237688481,31.81342450679575
MENTAH,7.721454824439783,33.4970750220028,28.31775517718782
MENTAH,7.156400892469618,31.98301916554141,25.816822946807484
MENTAH,6.092708069601176,26.192999568986306,23.382802453060698
MENTAH,7.644608799812725,33.38828858426569,27.825886541923868
MENTAH,6.277505694102849,26.82241978272489,24.05853899418081
MENTAH,7.439163270801183,32.57050942001029,27.90164203408324
MENTAH,7.666291413483797,34.00155401033629,30.059497848950297
MENTAH,7.588354793595679,33.00789557562934,27.380834885585454
MENTAH,5.718041376812468,25.76014376667792,21.644769739221644
MENTAH,7.224890563713671,31.274208539797936,26.867287153079186
MENTAH,8.123952857751414,34.73683850951646,28.940225357871977
MENTAH,5.825791033207143,26.500503100485467,23.030237959245596
MENTAH,6.182775489587352,27.832019696019806,24.598476331420397
MENTAH,7.588745682327835,34.33172023443528,28.792897165557484
MENTAH,5.867878415457016,26.85222377698608,23.794148260673868
MENTAH,8.47673656322338,36.835904219513566,31.819121435345938
MENTAH,7.9770299966443226,35.53821748961146,31.4471657835407
MENTAH,7.171216925475823,31.364382268960583,27.11161339528276
MENTAH,7.911505553948046,34.73183821062002,29.546228793422873
MENTAH,6.935219156398695,31.60406770431456,25.298559683340567
MENTAH,7.665632020298836,32.79239915133504,28.072190900888952
MENTAH,6.786448160807292,31.20342615700553,25.710260524671263
MENTAH,7.768722471386317,35.26839186428996,29.267357406302246
MENTAH,6.274666994196888,29.085641052497266,23.426335715462642
MENTAH,7.212373521592882,30.82841209129051,26.662243752813144
MENTAH,7.383460590378247,33.414888295617125,28.451376455801505
MENTAH,7.903829441149048,34.87552834342046,30.485974723910108
MENTAH,6.662030820493345,31.65830817830906,27.431188010384517
MENTAH,7.491578529891654,33.80921829286426,28.21643374093766
MENTAH,7.167803352261767,33.65733079949524,26.575101059650688
MENTAH,6.689904232574588,30.85941914373955,26.4381954365797
MENTAH,6.856859246399177,28.846505687069993,24.367977503395867
MENTAH,6.258779141147441,29.876498187029803,24.927230772167565
MENTAH,7.254627369068287,30.70835581336002,25.441614598403742
MENTAH,6.109401687182516,25.98445411964699,21.826533502021444
MENTAH,7.200876055430974,32.98201704613956,28.068750200938787
MENTAH,8.015616460101594,33.968374118883425,28.374362898461612
MENTAH,7.4567155877258555,32.24801874356996,27.727915069203316
MENTAH,7.734971474227591,34.118401295854234,29.519205666373296
MENTAH,7.813988202883873,34.59087550787278,30.173191274635094
MENTAH,6.4707361543129505,29.501037974416473,25.13523387516477
MENTAH,7.3679712240588024,32.77415673526717,27.880981508105872
MENTAH,7.738306430141622,35.01736707648132,29.191756260247878
MENTAH,7.88168278446904,33.98057882677871,28.208992789311665
MENTAH,7.48200655964667,31.792379748183514,27.452297571755242
MENTAH,6.109541967572499,28.72045590749984,23.345157262229133
MENTAH,7.441091152866191,32.85491572878488,27.53742861649627
MENTAH,7.063244666582272,31.520165839803564,26.608120765215084
MENTAH,7.8236638449837645,35.22951303489905,29.617729030028293
MENTAH,6.964807141464924,30.739702577944154,25.762574498054914
MENTAH,7.874274799362622,33.79022072372123,28.385774463292503
MENTAH,7.685110398280767,33.01287226421843,27.680767294801313
MENTAH,7.583760077080118,33.353473741821794,27.985968318986306
MENTAH,7.187188733261799,31.092590143651137,24.665755220892006
MENTAH,7.718970467524273,32.967535576212065,28.13754040125466
MENTAH,6.87264160658597,30.89109130357028,25.353341373396507
MENTAH,6.561244132587449,29.651911040883004,25.366149148823304
MENTAH,7.65717155550733,34.41490393116641,28.63615040720245
MENTAH,6.254283135810507,28.71105347935555,23.748984003263246
MENTAH,7.947602699813529,34.32167310675476,28.692526483731996
MENTAH,5.623316886493699,26.11519048243393,21.990156762393905
MENTAH,7.537193078563047,33.912068433722354,28.920206391762314
MENTAH,6.841162599163291,30.595350163463703,25.113072964389627
MENTAH,7.684243473005884,34.639913299937305,30.212584884078414
MENTAH,8.279367768715439,35.982011017975985,31.39339575747894
MENTAH,8.020610291280864,35.099933953932776,30.345660927854937
MENTAH,7.137718860013985,31.537610089337385,26.9046720653895
MENTAH,7.74775074146412,33.80383978949653,28.46518905074508
MENTAH,5.633319430881077,26.425325558509357,21.93879366902167
MENTAH,6.787596023622363,31.215660628958496,25.955483707380882
MENTAH,7.130427482196824,32.17984699516139,27.723666218573175
MENTAH,7.920849019117316,33.76803055123537,28.996412803116158
MENTAH,8.193333127371078,34.74715960467303,29.939955848725244
MENTAH,7.967955601068191,33.967076745052886,28.42833769370499
MENTAH,7.6727420508616255,32.905310987935636,27.875651920773855
MENTAH,7.102280165432902,32.2017933409891,28.280910287864906
MENTAH,6.573076224621431,29.310433030619052,22.30050809883777
MENTAH,7.606034141509131,33.65401719332723,29.559851940767263
MENTAH,6.935506436069316,29.17906597121753,24.430233551150977
MENTAH,7.478074187604488,32.367979889543946,27.039880634825906
MENTAH,6.428767074773341,27.399349510914995,24.294227945461195
MENTAH,6.55904404126077,29.688914295086644,24.767509177879052
MENTAH,7.61733858084973,34.319405449761284,30.070952364446693
MENTAH,7.781213831018518,34.60466549720293,30.14645235038098
MENTAH,7.793635866769547,34.15948065612542,28.307922551661363
MENTAH,7.795466544696824,34.52140619725357,29.217882886345002
MENTAH,7.529608958052019,33.85978510350357,28.118681919427566
MENTAH,7.037998780301569,29.52231883610227,23.562545462400333
MENTAH,7.359176384568705,33.53568063743811,28.539956489217627
MENTAH,7.07613288031684,32.06254514843348,28.580707691333913
MENTAH,6.838867061913259,31.60447925206565,25.79154384283372
MENTAH,7.354531747323495,32.94629308127572,27.630332664207177
MENTAH,5.7662302652994795,26.206555150663903,22.397449320726434
MENTAH,7.63015395427437,35.56296636636365,29.600149209607284
MENTAH,6.6109466552734375,30.196576342170623,24.490157013567387
MENTAH,6.961597458325296,30.91022833678948,26.44488443759243
MENTAH,8.274051619164737,36.20103385517136,30.97655841843091
MENTAH,5.877134158287519,25.268791544094007,21.43287941261574
MENTAH,7.332040669005594,33.184632666317036,29.422880949797452
MENTAH,7.556375260215728,33.583391291614426,28.16242666990178
MENTAH,7.013550432621206,31.061257570368763,25.883224236131205
MENTAH,7.087354746375064,31.418186203442485,25.989315456814236
MENTAH,7.694494930314429,33.57130827727141,28.35012453181263
MENTAH,7.4666955892931774,32.28280652207112,27.59117842309269
MENTAH,5.988176761831276,26.995051442840953,23.883674527391975
MENTAH,6.258301471977077,26.931365276069798,24.07493710615998
MENTAH,7.111224515938464,29.64983760378488,24.592535639005433
MENTAH,7.453718271765689,32.56126366132571,28.591892383716726
MENTAH,7.603763658813979,34.049597846137154,28.701778772927117
MENTAH,5.62153694560989,24.942146081492734,21.36157716350791
MENTAH,5.395035606352881,25.418551912033017,22.310427002455473
MENTAH,7.183871422284915,31.132234549816744,27.800574597017263
MENTAH,6.095862055021058,27.943086663391366,23.164315368903516
MENTAH,7.6783246954772695,33.0934286863225,27.418383374626252
MENTAH,7.090388168523341,31.907542538740998,26.3022227974095
MENTAH,5.500947049615805,25.30117747616866,21.251748544198495
MENTAH,5.726617193025817,25.925711486565234,22.83336498119213
MENTAH,6.393420937620563,29.843148062749165,24.018837069287713
MENTAH,5.737469331717786,26.436654361677757,22.57654411410108
MENTAH,6.576336456424415,28.463565465354133,22.299746980392392
MENTAH,7.147258491673097,30.95566932458446,25.428337505324876
MENTAH,6.2721022617669755,28.003974757567356,24.879092620724023
MENTAH,8.310334131060314,36.66959792400093,31.840462829841016
MENTAH,5.900889643916377,26.482047500924317,23.48703850640191
MENTAH,8.173800244743441,36.137631074881845,29.40245200577096
MENTAH,6.472406269591532,29.098887502411266,25.09437856163998
MENTAH,7.548694751880787,35.11335967891991,28.89026481722608
MENTAH,6.545070444114905,28.486048129360373,22.992269068588445
MENTAH,6.641185242452739,29.74696846165284,24.697640061869052
MENTAH,5.954127684542181,26.383564450613264,23.544221038190425
MENTAH,6.992058899176954,28.934352482297292,22.99653512460214
MENTAH,7.352252222382973,32.32469761224441,28.359607272677952
MENTAH,7.226891097708494,33.2074692965535,27.985656298727655
MENTAH,6.278252935213317,26.98330638241866,24.604376836078156
MENTAH,7.370067141183609,31.702339768900302,28.212215596265754
MENTAH,7.974195252720711,35.15687284744325,30.337900671939302
MENTAH,6.556306752648373,32.64487956482687,29.216567114056875
MENTAH,6.489653724701807,29.617997408894354,24.715404683179816
MENTAH,7.184559700420364,31.7650695926368,26.178493044503924
MENTAH,6.301762082449203,27.629584920749743,24.297289624626252
MENTAH,7.664199201167857,32.81725119759516,27.56528369291329
MENTAH,5.834642889077771,26.3901948654112,22.970629405582883
MENTAH,6.9028346685715665,31.47143460497444,26.287120615013343
MENTAH,6.889920395588188,28.935829256787713,24.56760704762651
BUSUK,5.8727442109535755,20.865507149402006,8.048897386087802
BUSUK,7.925720528810603,27.23279210471322,11.13664980287905
BUSUK,7.655539995358314,25.346348201296458,9.221299662020963
BUSUK,8.731097248846611,28.21065304603106,12.288585395969971
BUSUK,4.875095759890207,28.507963957609952,9.368253794226627
BUSUK,4.820303708928112,27.44954571508086,9.68897985136558
BUSUK,3.336786215197402,18.33951446156443,6.132023940851659
BUSUK,5.407927587689686,19.536280879267938,8.381111239209588
BUSUK,8.313476876466853,27.397142951871142,9.745419035232606
BUSUK,7.259189746997975,28.083953166694798,9.93402696146396
BUSUK,3.77421092594602,23.07908347800926,7.195177180286297
BUSUK,6.067768552175766,27.776214599609375,9.439227885179559
BUSUK,7.66006118083687,27.47754502787021,9.869172461238907
BUSUK,5.795565067495338,25.80232314121576,9.923420533231257
BUSUK,4.798364019197692,23.250020784605677,7.750621968336066
BUSUK,5.134956454053337,26.299324820561665,8.425365306712964
BUSUK,6.16761453259629,22.26577287838783,8.573981265472286
BUSUK,5.329035315493988,21.71199412404755,7.7413510923032405
BUSUK,7.447823732478138,27.627417858736013,9.652498033311632
BUSUK,4.872904208461934,22.18440742649659,8.087046430925282
BUSUK,3.9767023408363875,16.658974227591308,6.31240292144901
BUSUK,7.319656434863683,28.56656618471499,10.608121958289127
BUSUK,3.966124797554173,21.568811361681778,6.81717075928739
BUSUK,5.201260978792921,23.95399255320859,7.82271384407954
BUSUK,5.104663173848219,22.106427039629146,8.58715236334153
BUSUK,4.5467169490861306,25.957772902500484,7.870664054964796
BUSUK,7.344876575862429,29.194109379018776,10.273982169696824
BUSUK,4.931599432548868,27.522856661321693,9.645851543410815
BUSUK,6.353358264813207,27.69713677300347,9.673344741632908
BUSUK,4.4640224127121915,25.108265817901234,7.541855737505626
BUSUK,4.575400332855099,22.344469298060538,7.6445790985484185
BUSUK,4.721336710109632,26.235671306343235,8.58493393635063
BUSUK,6.988359553333172,30.264256230107062,11.904655299559542
BUSUK,3.7594827408653226,23.514553556716983,7.096453694159111
BUSUK,4.52299430439011,23.912760228286555,8.339698257760256
BUSUK,7.1075612762827935,27.322102801789963,9.509737807536812
BUSUK,4.442051012329604,22.690917780369887,7.716155001165445
BUSUK,4.768362225819026,22.385355694303787,8.33294778203768
BUSUK,8.43249718936873,27.867429191683545,10.493004630131976
BUSUK,5.484712451573753,21.62959961439847,7.649929533279482
BUSUK,3.324786841624068,18.793031982924223,6.309921076268326
BUSUK,4.983962635935089,26.514645611798322,8.696192423502604
BUSUK,5.327360930266203,27.286493686001,9.489310998484921
BUSUK,5.29846593283822,21.722299395274725,7.538526872548547
BUSUK,5.614185600123778,28.515337720329377,10.063872663081918
BUSUK,6.81428006647055,27.36162639351048,9.607231611086998
BUSUK,4.174805315433706,24.827943401572146,8.17017198099521
BUSUK,4.480426552854938,25.379788559650688,7.6439234101723255
BUSUK,6.768194379139339,24.8363855934928,9.063531820666153
BUSUK,5.4408187552244085,23.60828440473894,8.024080943668821
BUSUK,5.098327259958526,24.015578344525625,7.685475918491191
BUSUK,4.48463107136542,25.4383713836042,8.324788599838445
BUSUK,7.572318183051215,25.906243155522603,10.296089392140079
BUSUK,6.159484172554173,25.702457255296746,9.68471536518615
BUSUK,8.831712196883842,29.162920539761767,11.0081686639982
BUSUK,4.351384166827418,25.505774917916504,8.211052223488137
BUSUK,7.450006116074299,27.927421287254052,10.323371730223604
BUSUK,3.926461741757491,22.71708716875241,7.8288574846683705
BUSUK,7.736123481405125,27.70473809889805,9.821895834840374
BUSUK,4.765690493485565,28.482505327389564,8.985894222808964
BUSUK,6.127627776974022,20.92099947203334,8.315837404855484
BUSUK,4.99264369383761,26.223521228680394,8.644731560852302
BUSUK,5.764641906989454,26.928480674209908,8.108975445782697
BUSUK,6.837645102920846,24.977276460624037,9.13930238323447
BUSUK,6.4529012672204535,22.722412988482187,7.9502523916739
BUSUK,6.419174633889532,25.78492391452868,8.851584854439944
BUSUK,8.356161235291282,26.393515378849987,10.372065540203833
BUSUK,5.98245182743779,25.161530608502925,8.489709673595035
BUSUK,4.031181680812757,21.95272167818046,7.158619256667149
BUSUK,6.532177897637764,27.666783462336035,9.804090962979037
BUSUK,8.341475247355646,28.46827660077884,10.252553052862975
BUSUK,4.521412099830408,27.24875135382507,9.250408910429528
BUSUK,5.448615870848605,26.537398287298256,8.189168168684093
BUSUK,4.818867498955118,26.547657719364874,8.873862435297712
BUSUK,4.784982061189879,21.389771763679914,7.078336927625868
BUSUK,4.793092390146765,25.417082923920557,8.115809499481578
BUSUK,4.7337648368176115,27.57070784706147,9.757516554844232
BUSUK,7.9106903076171875,30.675832866150657,11.486860047642587
BUSUK,6.85643030488442,25.642342398686665,9.033637215571149
BUSUK,4.210689152219168,21.82854640631028,7.315345293209877
BUSUK,4.827951313536844,26.325726293242028,8.610131094975726
BUSUK,6.648490246431328,29.653410672160334,10.752201158813978
BUSUK,5.81636424123505,22.49994285803273,8.171165372118537
BUSUK,4.447530926990901,19.03206738130546,7.145725265942484
BUSUK,4.188500298394097,18.949324117275914,7.117736439646026
BUSUK,5.349835117167406,21.53694931469827,7.483382613570602
BUSUK,8.68487442079395,28.997237028899015,10.570628978587964
BUSUK,3.882888731151942,24.66375135884854,7.553821956179269
BUSUK,4.285489745591403,16.689371681998296,6.638333983872653
BUSUK,5.4957959838364845,25.849489879215696,9.340503833912036
BUSUK,5.146621390134709,22.782570230617445,7.06819322374132
BUSUK,2.7200501995322144,16.225366035116064,4.829866448547614
BUSUK,6.1218567522464955,27.806196801456405,9.825232674555524
BUSUK,5.287142843866545,25.771098949291087,9.536519368489584
BUSUK,7.4759160422493895,29.818192470220872,10.971337777596933
BUSUK,8.831594459313914,30.201266504609535,11.660589649844072
BUSUK,7.9089784975405095,27.79566949287069,9.916930336029932
BUSUK,5.678429560406218,23.175440909931197,9.111794679743763
BUSUK,4.204837312423643,23.51619654525945,7.868149745611497
BUSUK,8.201811676653325,28.315728458357444,10.65803797843525
BUSUK,6.888639473620756,28.156855516472962,9.397920396592882
BUSUK,4.871511639881526,21.51482727301955,7.194126961162551
BUSUK,9.052674030570827,28.42795779381269,10.715382642706725
BUSUK,7.122967504179527,29.128714730219585,11.438966162410782
BUSUK,6.019108901789159,27.388248396508487,9.18434915424865
BUSUK,6.131067660610372,26.08401150173611,8.23112318250868
BUSUK,6.765049310378086,28.247484183605806,9.362364403995468
BUSUK,4.043524345743313,18.8264128131631,6.607242348753376
BUSUK,5.881377231927566,27.791152326167857,9.347220150040991
BUSUK,5.440805066269611,25.99909627780993,8.796073442623939
BUSUK,4.632933691205311,18.810468320493346,7.545360235520351
BUSUK,8.317247995133263,29.11494012526524,11.702251983768164
BUSUK,7.207006760585455,29.409419495382426,10.942425260818544
BUSUK,6.044471960499453,30.51099537037037,10.36528649349762
BUSUK,5.481613975493506,28.24869735152633,8.779477719907407
BUSUK,5.161491990579989,18.628305945376802,7.604069588115676
BUSUK,4.494475878805781,22.326343740455407,7.438106269993409
BUSUK,6.755030125747492,25.862521764182258,9.282123141818577
BUSUK,5.491243778432838,25.33076050055861,8.775974100999871
BUSUK,4.2242458013840665,21.62009006076389,7.0241013515142745
BUSUK,5.115499174643936,24.624060987935636,8.255963549201871
BUSUK,8.198239864145286,27.097565890339666,9.603741618340889
BUSUK,4.4775822643389915,19.189581914203156,6.900406134962545
BUSUK,7.74547146769708,28.14449840906716,9.920853979793595
BUSUK,7.1122080485026045,24.48914566354006,8.937595445923353
BUSUK,5.512388818057967,27.33746457198029,9.283293359073593
BUSUK,5.104918554486561,25.091235125506365,9.403465741946373
BUSUK,5.36564962755996,25.58518002357012,8.522467028456951
BUSUK,5.313550407503858,29.821126427670073,9.742569220900045
BUSUK,5.144340546533404,18.44939268763664,7.700939037181713
BUSUK,8.704466203603234,30.30509691277649,11.017053109628183
BUSUK,4.426476121439364,25.447422608426567,9.50585931220663
BUSUK,3.718523943865741,20.010875560619212,6.807073648083848
BUSUK,4.5379968965004505,20.196918000900205,6.5065791126141335
BUSUK,6.622728449817547,27.258613617822466,9.50703398779096
BUSUK,5.884634763615612,23.1537938373079,8.22309448493361
BUSUK,7.1696776715816295,24.473033261397248,9.295950995551216
BUSUK,8.27609918539416,28.230133433400848,10.816358527038323
BUSUK,6.855909119908211,28.64386294015641,9.040599995679816
BUSUK,8.331668367111144,26.699032818829572,10.295400800037777
BUSUK,5.925569385167503,27.00559206362124,8.855649594907407
BUSUK,8.731392942828897,30.6648688924656,12.508122134110565
BUSUK,4.641144112794978,20.652812690891846,6.399647214285141
BUSUK,4.375003265255272,24.41760825325923,7.754053123693898
BUSUK,6.024417641722126,22.925322356047452,9.421423641251929
BUSUK,8.203776732393743,27.784715440538193,10.593340336050026
BUSUK,5.609398924274209,26.479895823286395,8.285720762401942
BUSUK,7.690926571441776,26.38660277064445,9.343455122331532
BUSUK,6.746594087577161,29.094193697956854,10.674450218922807
BUSUK,5.555553106614101,28.27375674149627,9.675652335210101
BUSUK,8.71412131227093,27.481887880176185,11.735327261465567
BUSUK,4.61505528830697,23.188337286803947,7.357407620904867
BUSUK,5.392604309835551,27.752054724673677,9.54303279923804
BUSUK,8.20518123171457,27.687040101353524,9.673027886284721
BUSUK,5.574385215225534,28.479107640898278,9.661530859676407
BUSUK,5.43945011091821,26.13519889925733,9.507443588947563
BUSUK,5.283972720550412,23.218586172096032,8.841447995032793
BUSUK,5.502308284304269,23.03202242125209,8.76954613202884
BUSUK,4.164938781487108,24.196052708252957,7.626784775973348
BUSUK,7.584078188295718,30.046520657009548,10.889522473998522
BUSUK,6.840656610182774,27.2341477507917,9.830150651343075
BUSUK,5.642719661257394,26.14192896713445,8.694573987168049
BUSUK,4.670679539809992,24.52062498492959,8.368654918278196
BUSUK,6.17463753154739,26.819038171336484,8.813610312379437
BUSUK,5.636387263796457,28.527680134086452,9.714754395033596
BUSUK,4.65679931640625,24.482504448282373,8.0172040020978
BUSUK,7.7347791381333595,28.182414867259837,10.443380661952643
